{
  "hash": "b9368594",
  "configHash": "a858e584",
  "lockfileHash": "287cd641",
  "browserHash": "62d8281a",
  "optimized": {
    "@reduxjs/toolkit": {
      "src": "../../node_modules/@reduxjs/toolkit/dist/redux-toolkit.modern.mjs",
      "file": "@reduxjs_toolkit.js",
      "fileHash": "7cc46a7d",
      "needsInterop": false
    },
    "axios": {
      "src": "../../node_modules/axios/index.js",
      "file": "axios.js",
      "fileHash": "bf1e0114",
      "needsInterop": false
    },
    "react": {
      "src": "../../node_modules/react/index.js",
      "file": "react.js",
      "fileHash": "2964c0f8",
      "needsInterop": true
    },
    "react-bootstrap": {
      "src": "../../node_modules/react-bootstrap/esm/index.js",
      "file": "react-bootstrap.js",
      "fileHash": "d75f6b83",
      "needsInterop": false
    },
    "react-dom/client": {
      "src": "../../node_modules/react-dom/client.js",
      "file": "react-dom_client.js",
      "fileHash": "d4f73122",
      "needsInterop": true
    },
    "react-redux": {
      "src": "../../node_modules/react-redux/dist/react-redux.mjs",
      "file": "react-redux.js",
      "fileHash": "7b3d610b",
      "needsInterop": false
    },
    "react-router-dom": {
      "src": "../../node_modules/react-router-dom/dist/index.mjs",
      "file": "react-router-dom.js",
      "fileHash": "0dabfa66",
      "needsInterop": false
    }
  },
  "chunks": {
    "chunk-TKHB4QMX": {
      "file": "chunk-TKHB4QMX.js"
    },
    "chunk-YLDSBLSF": {
      "file": "chunk-YLDSBLSF.js"
    },
    "chunk-DC5AMYBS": {
      "file": "chunk-DC5AMYBS.js"
    }
  }
}